<?xml version='1.0' encoding='UTF-8'?>

<!--
 Copyright 2004 Sun Microsystems, Inc. All rights reserved.
 SUN PROPRIETARY/CONFIDENTIAL. Use is subject to license terms.
-->

<!DOCTYPE faces-config 
PUBLIC "-//Sun Microsystems, Inc.//DTD JavaServer Faces Config 1.0//EN"
                            "http://java.sun.com/dtd/web-facesconfig_1_0.dtd">
<faces-config>
  <application>
    <message-bundle>com.j3ltd.web.messages.ApplicationMessages</message-bundle>
    <locale-config>
       <default-locale>en</default-locale>
       <supported-locale>fr</supported-locale>
    </locale-config>
  </application>
  
  <!--............................ Managed Beans ..........................--> 
  
  <managed-bean>
    <managed-bean-name>welcomeBean</managed-bean-name>
    <managed-bean-class>com.j3ltd.web.Welcome</managed-bean-class>
    <managed-bean-scope>request</managed-bean-scope>
  </managed-bean>
  
  <managed-bean>
    <managed-bean-name>registrationBean</managed-bean-name>
    <managed-bean-class>com.j3ltd.web.Register</managed-bean-class>
    <managed-bean-scope>request</managed-bean-scope>
    <managed-property>
    	<property-name>person</property-name>
    	<value>#{registeringPersonBean}</value>
    </managed-property>
  </managed-bean>  
  
  <managed-bean>
  	<managed-bean-name>registeringPersonBean</managed-bean-name>
  	<managed-bean-class>com.j3ltd.server.entities.Person</managed-bean-class>
  	<managed-bean-scope>none</managed-bean-scope>
    <managed-property>
    	<property-name>address</property-name>
    	<value>#{addressBean}</value>
    </managed-property>
    <managed-property>
    	<property-name>gender</property-name>
    	<value>Undisclosed</value>
    </managed-property>
     <managed-property>
    	<property-name>maritalStatus</property-name>
    	<value>Undisclosed</value>
    </managed-property>    	
  </managed-bean>
  
  <managed-bean>
    <managed-bean-name>addressBean</managed-bean-name>
    <managed-bean-class>com.j3ltd.server.entities.Address</managed-bean-class>
    <managed-bean-scope>none</managed-bean-scope>
  </managed-bean> 	
    
 <!--.......................... Navigation Rules ...................-->
 
 <!-- Welcome Page -->
 <navigation-rule>
    <from-view-id>/welcome.jsp</from-view-id>
    <navigation-case>
      <description>
        Choose locale changes locale then returns to welcome page
      </description>
      <from-outcome>chooseLocale</from-outcome>
      <to-view-id>/welcome.jsp</to-view-id>
    </navigation-case> 
    <navigation-case>
      <description>
        Navigate to register.jsp
      </description>
      <from-outcome>register</from-outcome>
      <to-view-id>/register.jsp</to-view-id>
    </navigation-case>    
 </navigation-rule> 
 
 <!-- Registration Page -->
  <navigation-rule>
    <from-view-id>/register.jsp</from-view-id>
    <navigation-case>
      <description>
        create new user succeeded
      </description>
      <from-outcome>success</from-outcome>
      <to-view-id>/login.jsp</to-view-id>
    </navigation-case>  
       
    <navigation-case>
      <description>
        create new user failed
      </description>
      <from-outcome>failure</from-outcome>
      <to-view-id>/register.jsp</to-view-id>
    </navigation-case>     
 </navigation-rule> 
 
 <!--........................... Custom Validators .....................-->
 	<validator>
 		<validator-id>EmailValidator</validator-id>
 		<validator-class>com.j3ltd.web.utilities.EmailValidator</validator-class>
 	</validator>
</faces-config>